"","title","price","price_without_discount","options","free_delivery_description","user_rating","number_of_user_ratings","units_sold_description"
"1","SAMSUNG Galaxy S24 Ultra Cell Phone, 512GB AI Smartphone, Unlocked Android, 200MP, 100x Zoom Cameras, Long Battery Life, S Pen, US Version, 2024, Titanium Black","$1,121.67","$1,419.99","2 sizes","FREE delivery Sat, Oct 12 Or fastest delivery Wed, Oct 9","4.5 out of 5 stars","1,832 ","1K+ bought in past month"
"2","SAMSUNG Galaxy A15 5G A Series Cell Phone, 128GB Unlocked Android Smartphone, AMOLED Display, Expandable Storage, Knox Security, Super Fast Charging, US Version, 2024, Blue Black","$179.99","$199.99",NA,"FREE delivery Sat, Oct 12 Or fastest delivery Wed, Oct 9","4.0 out of 5 stars","679 ","3K+ bought in past month"
"3","SAMSUNG Galaxy A35 5G A Series Cell Phone, 128GB Unlocked Android Smartphone, AMOLED Display, Advanced Triple Camera System, Expandable Storage, Rugged Design, US Version, 2024, Awesome Navy","$313.99","$399.99",NA,"FREE delivery Sat, Oct 12 Or fastest delivery Wed, Oct 9","4.4 out of 5 stars","306 ","1K+ bought in past month"
"4","Samsung Galaxy A15 (SM-155M/DSN), 128GB 6GB RAM, Dual SIM, Factory Unlocked GSM, International Version (Wall Charger Bundle) (Light Blue)","$150.99",NA,NA,NA,"4.2 out of 5 stars","964 ","4K+ bought in past month"
"5","Motorola Moto G 5G | 2023 | Unlocked | Made for US 4/128GB | 48 MPCamera | Ink Blue, 163.94x74.98x8.39","$149.99","$249.99",NA,"FREE delivery Sat, Oct 12 Or fastest delivery Wed, Oct 9","4.2 out of 5 stars","821 ","2K+ bought in past month"
"6","Google Pixel 7a - Unlocked Android Cell Phone - Smartphone with Wide Angle Lens and 24-Hour Battery - 128 GB – Charcoal","$329.00","$499.00",NA,"FREE delivery Sat, Oct 12 Or fastest delivery Thu, Oct 10","4.3 out of 5 stars","2,522 ","1K+ bought in past month"
"7","Samsung Galaxy A03s Cell Phone, AT&T GSM Unlocked Android Smartphone, 32GB, Long Lasting Battery, Expandable Storage, 3 Camera Lenses, Infinite Display - Black (Renewed)","$73.00","$99.99",NA,NA,"3.8 out of 5 stars","643 ","3K+ bought in past month"
"8","Google Pixel 8 - Unlocked Android Smartphone with Advanced Pixel Camera, 24-Hour Battery, and Powerful Security - Obsidian - 128 GB","$514.95","$699.00","3 sizes","FREE delivery Sat, Oct 12 Or fastest delivery Wed, Oct 9","4.3 out of 5 stars","2,470 ","1K+ bought in past month"
"9","Samsung Galaxy S21 Ultra 5G, US Version, 128GB, Phantom Black - Unlocked (Renewed)","$264.95","$282.99",NA,NA,"3.9 out of 5 stars","2,442 ","3K+ bought in past month"
"10","Samsung Galaxy S22 Smartphone, Factory Unlocked Android Cell Phone, 128GB, 8K Camera & Video, Brightest Display, Long Battery Life, Fast 4nm Processor, US Version, Phantom Black (Renewed)","$245.00",NA,"2 sizes",NA,"4.0 out of 5 stars","2,089 ","1K+ bought in past month"
"11","Motorola razr | 2023 | Unlocked | Made for US 8/128 | 32MP Camera | Sage Green, 73.95 x 170.82 x 7.35mm","$399.99","$699.99",NA,"FREE delivery Sat, Oct 12 Or fastest delivery Wed, Oct 9","4.0 out of 5 stars","472 ","400+ bought in past month"
"12","OnePlus 12R, 8GB RAM+128GB, Dual-SIM, US Factory Unlocked Android Smartphone, 5500 mAh Battery, 50MP Camera, 80W Fast Charging, 2024, Iron Gray","$429.99","$499.99","2 sizes","FREE delivery Sat, Oct 12 Or fastest delivery Wed, Oct 9","4.4 out of 5 stars","437 ","300+ bought in past month"
"13","TracFone Motorola Moto g Play, 32GB, Black - Prepaid Smartphone (Locked)","$49.99",NA,NA,"FREE delivery Sat, Oct 12 Or fastest delivery Wed, Oct 9","4.0 out of 5 stars","272 ","500+ bought in past month"
"14","Samsung Galaxy A15 A155M 128GB Dual-SIM GSM Unlocked Android Smartphone (Latin America Version) - Blue Black","$138.55",NA,NA,NA,"4.3 out of 5 stars","609 ","2K+ bought in past month"
"15","Apple iPhone 13, 128GB, Blue - Unlocked (Renewed)","$399.00",NA,"3 sizes",NA,"4.1 out of 5 stars","12,361 ","1K+ bought in past month"
"16","Google Pixel 8a - Unlocked Android Phone with Google AI, Advanced Pixel Camera and 24-Hour Battery - Obsidian - 128 GB","$499.00",NA,"2 sizes","FREE delivery Sat, Oct 12 Or fastest delivery Wed, Oct 9","4.2 out of 5 stars","456 ","2K+ bought in past month"
"17","Xiaomi Redmi Note 13 PRO 5G + 4G LTE (256GB + 8GB) 6.67"" 200MP Triple (Tmobile Mint Tello & Global) Global Bands Unlocked + (Fast Car Dual Charger Bundle) (Aurora Purple (Global ROM))","$284.97",NA,NA,"FREE delivery Sat, Oct 12 Or fastest delivery Wed, Oct 9","4.6 out of 5 stars","1,000 ","100+ bought in past month"
"18","Samsung Galaxy S21 5G, US Version, 128GB, Phantom Gray - Unlocked (Renewed)","$194.99","$249.00",NA,NA,"3.9 out of 5 stars","6,345 ","2K+ bought in past month"
"19","Tracfone | Motorola Moto g Play 2024 | Locked | 64GB | 5000mAh Battery | 50MP Quad Pixel Camera | 6.5-in. HD+ 90Hz Display | Sapphire Blue","$49.99",NA,NA,"FREE delivery Sat, Oct 12 Or fastest delivery Thu, Oct 10","4.1 out of 5 stars","60 ","500+ bought in past month"
"20","Motorola Moto G Power 5G | 2023 | Unlocked | Made for US 6/256GB | 50 MPCamera | Mineral Black","$299.97",NA,"2 sizes","FREE delivery Sat, Oct 12 Or fastest delivery Wed, Oct 9","4.2 out of 5 stars","1,351 ","1K+ bought in past month"
"21","CUBOT King Kong 9 Rugged Phone Unlocked Android 14-24GB RAM+512GB ROM Cell Phone, 10600mAh(33W) Battery, 100MP Camera Smartphone, 6.58''FHD+120Hz Dual Screen, G99/4G Dual SIM/IP68/IP69K/NFC/GPS","$299.99",NA,NA,"FREE delivery Sun, Oct 13 Or fastest delivery Thu, Oct 10","5.0 out of 5 stars","5 ",NA
"22","OnePlus Nord N30 5G | Unlocked Dual-SIM Android Smart Phone | 6.7"" LCD Display | 8 +128GB | 5000 mAh Battery | 50W Fast Charging | 108MP Camera | Chromatic Gray","$249.99","$299.99",NA,"FREE delivery Sat, Oct 12 Or fastest delivery Wed, Oct 9","4.3 out of 5 stars","994 ","1K+ bought in past month"
"23","Unlocked Smartphone, 6.3 inch HD Display, Android10.0, Dual SIM, Dual Cameras, 1GB RAM+16GB ROM (Expandable to 128GB), Support: WiFi, Bluetooth, GPS 3G Mobile Phones (Golden)","$65.99",NA,NA,"FREE delivery Sat, Oct 12 Or fastest delivery Wed, Oct 9","2.9 out of 5 stars","170 ",NA
"24","SAMSUNG Galaxy S24 Cell Phone, 256GB AI Smartphone, Unlocked Android, 50MP Camera, Fastest Processor, Long Battery Life, US Version, 2024, Onyx Black","$779.99","$859.99","2 sizes","FREE delivery Sat, Oct 12 Or fastest delivery Wed, Oct 9","4.5 out of 5 stars","456 ","300+ bought in past month"
"25","TracFone | Motorola Moto g Pure | Locked | 32GB | 4000 mAh Battery | 13 MP Dual Camera System | 6.5"" Max Vision HD+ Display | Blue","$49.99",NA,NA,"FREE delivery Sat, Oct 12 Or fastest delivery Wed, Oct 9","4.2 out of 5 stars","2,828 ","500+ bought in past month"
"26","SAMSUNG Galaxy S24 Ultra 5G S9280 Physical Dual SIM 512GB 12GB RAM AI Smartphone, Factory Unlocked, Global Model, Long Battery Life - Titanium Violet","$982.89",NA,NA,"FREE delivery Sat, Oct 12 Or fastest delivery Wed, Oct 9","4.3 out of 5 stars","50 ","400+ bought in past month"
"27","Motorola One Ace | 2021 | 2-Day Battery | Unlocked | Made for US 4/64GB | 48MP Camera | Volcanic Gray","$100.10",NA,NA,NA,"3.9 out of 5 stars","228 ","1K+ bought in past month"
"28","Moto G Play 2023 3-Day Battery Unlocked Made for US 3/32GB 16MP Camera Navy Blue","$98.99","$169.99",NA,NA,"4.0 out of 5 stars","1,380 ","2K+ bought in past month"
"29","Google Pixel 4a - Unlocked Android Smartphone - 128 GB of Storage - Up to 24 Hour Battery - Barely Blue","$177.19","$188.09",NA,"FREE delivery Sat, Oct 12 Or fastest delivery Wed, Oct 9","4.5 out of 5 stars","10,425 ","50+ bought in past month"
"30","SAMSUNG Galaxy A13 LTE, Factory Unlocked Smartphone, Android Cell Phone, Water Resistant, 50MP Camera, US Version, 32GB, Black (Renewed)","$89.00",NA,NA,"FREE delivery Sat, Oct 12 Or fastest delivery Thu, Oct 10","4.0 out of 5 stars","579 ","1K+ bought in past month"
"31","SAMSUNG Galaxy S24+ Plus Cell Phone, 256GB AI Smartphone, Unlocked Android, 50MP Camera, Fastest Processor, Long Battery Life, US Version 2024, Amber Yellow","$999.99",NA,"2 sizes","FREE delivery Sat, Oct 12 Or fastest delivery Wed, Oct 9","4.5 out of 5 stars","654 ","100+ bought in past month"
"32","Nokia C2 2E | Android 11 (Go Edition) | Unlocked Smartphone | All Day Battery | 2/32GB | 5.7-Inch Screen | International Version | Blue","$59.99",NA,NA,"FREE delivery Sat, Oct 12 Or fastest delivery Wed, Oct 9","3.3 out of 5 stars","81 ","1K+ bought in past month"
"33","Motorola Edge | 2022 | 2-Day Battery | Unlocked | Made for US 6/128GB | 50MP Camera | Mineral Gray","$184.55",NA,NA,"FREE delivery Sun, Oct 13 Or fastest delivery Thu, Oct 10","4.1 out of 5 stars","1,243 ","200+ bought in past month"
"34","Samsung Galaxy S20 FE 5G, 128GB, Cloud Navy - Unlocked (Renewed)","$162.50",NA,"2 sizes","FREE delivery Sat, Oct 12 Or fastest delivery Wed, Oct 9","3.9 out of 5 stars","7,371 ","2K+ bought in past month"
"35","SAMSUNG Galaxy Z Fold 6 AI Cell Phone, 512GB Unlocked Android Smartphone, Circle to Search, Handsfree Live Interpreter, AI Photo Edits, Large Screen, 2024,US 1 Yr Manufacturer Warranty, Navy","$1,550.00","$2,019.99",NA,"FREE delivery Thu, Oct 17 Or fastest delivery Thu, Oct 10","4.1 out of 5 stars","103 ","300+ bought in past month"
"36","SAMSUNG Galaxy A25 5G A Series Cell Phone, 128GB Unlocked Android Smartphone, AMOLED Display, Advanced Triple Camera System, Expandable Storage, Stereo Speakers, US Version, 2024, Black","$249.99","$299.99",NA,"FREE delivery Sat, Oct 12 Or fastest delivery Wed, Oct 9","3.5 out of 5 stars","277 ","500+ bought in past month"
"37","Samsung Galaxy S20 5G, 128GB, Cosmic Gray - Unlocked (Renewed)","$186.80","$579.97",NA,"FREE delivery Sat, Oct 12 Or fastest delivery Fri, Oct 11","4.0 out of 5 stars","6,257 ","500+ bought in past month"
"38","BLU G63 | 2023 | 3-Day Battery | Unlocked | 6.8” HD+ Infinity Display | 128/4GB | Dual 13MP Camera | US Version | US Warranty | Green","$89.99","$129.99",NA,"FREE delivery Sat, Oct 12 Or fastest delivery Wed, Oct 9","3.9 out of 5 stars","109 ","400+ bought in past month"
"39","Samsung Galaxy A25 5G A256E 128GB Dual-SIM GSM Unlocked Android Smartphone (Latin Variant/US Compatible LTE) - Blue Black","$188.00","$247.97",NA,"FREE delivery Sat, Oct 12 Or fastest delivery Wed, Oct 9","4.0 out of 5 stars","293 ","500+ bought in past month"
"40","SAMSUNG Galaxy S24 FE AI Phone, 128GB Unlocked Android Smartphone, High-Res 50MP Camera, Long Battery Life, Brighter Display Screen, US Version, 2024, US 1 Yr Manufacturer Warranty, Graphite","$649.99",NA,"2 sizes","FREE delivery Sat, Oct 12 Or fastest delivery Wed, Oct 9","5.0 out of 5 stars","1 ","50+ bought in past month"
"41","TracFone Moto g Pure (2021), 32GB, Blue - Prepaid Smartphone (Locked/Renewed)","$24.99",NA,NA,NA,"4.3 out of 5 stars","168 ","400+ bought in past month"
"42","TracFone | Samsung Galaxy A23 5G | Locked | 64GB | 5000mAh Battery | 50MP Main Camera | 6.5-in. FHD+ Display | Black","$199.99",NA,NA,"FREE delivery Sat, Oct 12 Or fastest delivery Wed, Oct 9","4.2 out of 5 stars","20 ","50+ bought in past month"
"43","SAMSUNG Galaxy A05 (128GB, 4GB) 6.7"" Dual SIM Fully Unlocked Global 4G LTE A055M/DS (Black)","$113.99",NA,NA,"FREE delivery Sat, Oct 12 Or fastest delivery Wed, Oct 9","4.0 out of 5 stars","120 ","500+ bought in past month"
"44","Motorola Moto G Stylus 5G | 2023 | Unlocked | Made for US 6/256GB | 50 MPCamera | Cosmic Black, 162.83x73.77x9.29","$259.99","$399.99",NA,"FREE delivery Sat, Oct 12 Or fastest delivery Wed, Oct 9","4.2 out of 5 stars","574 ","500+ bought in past month"
"45","SAMSUNG Galaxy Z Flip5 AI Phone, 512GB Unlocked Android Smartphone, Compact, Foldable Design, One-Hand Control, Best Selfies, Full Cover Screen, Hands-Free Use, US Version, 2023, Lavender","$874.99","$1,119.99","2 sizes","FREE delivery Wed, Oct 16 Or fastest delivery Oct 10 - 15","4.3 out of 5 stars","435 ",NA
"46","DOOGEE Blade 10 Ultra Rugged Smartphone, 20GB RAM+256GB ROM Rugged Phone Unlocked Android 14,6.56''90Hz Display,50MP Camera, IP68/IP69K Waterproof Phones, Face ID/NFC/GPS/OTG","$279.99",NA,NA,"FREE delivery Sat, Oct 12 Or fastest delivery Thu, Oct 10","5.0 out of 5 stars","13 ","50+ bought in past month"
"47","Google Pixel 9 - Unlocked Android Smartphone with Gemini, 24-Hour Battery, Advanced Camera, and 6.3"" Actua Display - Obsidian - 128 GB","$782.49",NA,"2 sizes","FREE delivery Sat, Oct 12 Or fastest delivery Wed, Oct 9","4.4 out of 5 stars","33 ","300+ bought in past month"
"48","Motorola Moto G54 Dual-SIM 256GB ROM + 8GB RAM (Only GSM | No CDMA) Factory Unlocked 5G Smartphone (Midnight Blue) - International Version","$162.50",NA,NA,"FREE delivery Sat, Oct 12 Or fastest delivery Wed, Oct 9","4.3 out of 5 stars","1,111 ","300+ bought in past month"
"49","Nokia C210 | T-Mobile, AT&T, Cricket | Android 13 | Unlocked Smartphone | All Day Battery | US Version | 3/32GB | 6.3-Inch Screen | 13MP Dual Camera | Charcoal","$109.99",NA,NA,"FREE delivery Sat, Oct 12 Or fastest delivery Wed, Oct 9","3.8 out of 5 stars","66 ","100+ bought in past month"
"50","OnePlus 12,16GB RAM+512GB,Dual-SIM,Unlocked Android Smartphone,Supports 50W Wireless Charging,Latest Mobile Processor,Advanced Hasselblad Camera,5400 mAh Battery,2024,Flowy Emerald","$749.99","$899.99","2 sizes","FREE delivery Sat, Oct 12 Or fastest delivery Wed, Oct 9","4.5 out of 5 stars","544 ","200+ bought in past month"
"51","Motorola Moto G54 5G Dual SIM | 8+256GB ROM | GSM Unlocked Smartphone | 6.5"" 120Hz IPS LCD Display | Android 13 | 50MP Camera | Li-Po 6000 mAh Battery | International Model - (Blue)","$153.02","$194.99",NA,"FREE delivery Sat, Oct 12 Or fastest delivery Thu, Oct 10","4.3 out of 5 stars","138 ","300+ bought in past month"
"52","TracFone | Samsung Galaxy A03s | Locked | 32GB | 5000mAh Battery | 48MP Main Camera | 6.5-in. HD+Infinity-V Display | Black",NA,NA,NA,NA,"4.0 out of 5 stars","280 ","1K+ bought in past month"
"53","Moto G Stylus 5G | 2024 | Unlocked | Made for US 8/256GB | 50MP Camera | Caramel Latte","$349.99","$399.99",NA,"FREE delivery Sat, Oct 12 Or fastest delivery Wed, Oct 9","4.3 out of 5 stars","65 ","500+ bought in past month"
"54","Samsung Galaxy S20+ 5G 128GB Fully Unlocked Smartphone (Renewed)","$199.00","$259.72",NA,NA,"4.1 out of 5 stars","3,095 ","500+ bought in past month"
"55","SAMSUNG Galaxy S21 FE 5G Cell Phone, Factory Unlocked Android Smartphone, 128GB, 120Hz Display Screen, Pro Grade Camera, All Day Intelligent Battery, US Version, 2022, White","$343.35","$599.99","2 sizes",NA,"4.5 out of 5 stars","14,920 ","300+ bought in past month"
"56","Samsung S21 FE 5G 128GB Unlocked Android Smartphone Gray (Renewed)","$188.94",NA,"2 sizes","FREE delivery Sat, Oct 12 Or fastest delivery Wed, Oct 9","3.9 out of 5 stars","1,048 ","500+ bought in past month"
"57","Motorola Moto G Stylus | 2022 | 2-Day Battery | Unlocked | Made for US 4/128GB | 50MP Camera | Twilight Blue | 4G RAM, 4G/3G cellular technology","$169.99",NA,NA,"FREE delivery Sat, Oct 12 Or fastest delivery Wed, Oct 9","4.2 out of 5 stars","1,261 ","200+ bought in past month"
"58","Moto G Stylus 5G 2023, XT2315-4 , (128GB, 4GB) 6.6"", 50MP Dual Camera, Android 13, GSM Unlocked (Renewed)","$98.99","$109.99",NA,"FREE delivery Thu, Oct 10 Or fastest delivery Wed, Oct 9","4.0 out of 5 stars","45 ","100+ bought in past month"
"59","Google Pixel 4a with 5G - Android Phone - New Unlocked Smartphone with Night Sight and Ultrawide Lens - Just Black","$173.16",NA,NA,"FREE delivery Oct 10 - 11 Or fastest delivery Wed, Oct 9","4.3 out of 5 stars","2,937 ","500+ bought in past month"
"60","Samsung Galaxy A13 5G Cell Phone, AT&T GSM Unlocked Android Smartphone, 64GB, Long Lasting Battery, Expandable Storage, Triple Lens Camera, Infinite Display, Black (Renewed)","$99.14",NA,NA,NA,"3.8 out of 5 stars","1,357 ","500+ bought in past month"
"61","Samsung Galaxy A14 5G A Series, Factory Unlocked, 64GB, US Version, Black (Renewed)","$103.88",NA,NA,NA,"3.7 out of 5 stars","803 ","2K+ bought in past month"
"62","Motorola Edge | 2021 | 2-Day battery | Unlocked | Made for US | 8/256GB | 108MP Camera | Nebula Blue","$199.99","$245.00","2 sizes",NA,"4.2 out of 5 stars","1,767 ","100+ bought in past month"
"63","BLU C5L MAX | 2024 | All-Day Battery | GSM Unlocked | 5.7” Display | 16/2GB |US Version | US Warranty | Black","$49.90",NA,"2 sizes","FREE delivery Sat, Oct 12 Or fastest delivery Wed, Oct 9","3.6 out of 5 stars","262 ","200+ bought in past month"
"64","Motorola Moto G14 Dual SIM (2023) 4G LTE (4/128GB) 6.5"""" IPS LDC Display | Android 13 | 50MP Rear Camera | 5000mAh Battery | International Model - (Steel Gray), XT2341-2","$98.82","$149.99",NA,"FREE delivery Sat, Oct 12 Or fastest delivery Wed, Oct 9","3.8 out of 5 stars","43 ","400+ bought in past month"
"65","Total by Verizon Motorola Moto g Play, 32GB, Black - Prepaid Smartphone (Locked)","$49.88",NA,NA,"FREE delivery Sat, Oct 12 Or fastest delivery Wed, Oct 9","3.8 out of 5 stars","102 ","50+ bought in past month"
"66","OnePlus 9 Winter Mist, 5G Unlocked Android Smartphone U.S Version, 8GB RAM+128GB Storage, 120Hz Fluid Display, Hasselblad Triple Camera, 65W Ultra Fast Charge, 15W Wireless Charge, with Alexa Built-in","$188.89","$599.99",NA,NA,"4.1 out of 5 stars","1,047 ","500+ bought in past month"
"67","Samsung Galaxy A05 A055M 64GB Dual-SIM GSM Unlocked Android Smartphone (Latin America Version) - Light Green","$94.00","$99.84",NA,"FREE delivery Sat, Oct 12 Or fastest delivery Wed, Oct 9","4.1 out of 5 stars","142 ","100+ bought in past month"
"68","Apple iPhone 12, 128GB, Purple - Unlocked (Renewed)","$334.01","$365.00","3 sizes",NA,"4.1 out of 5 stars","26,037 ","300+ bought in past month"
"69","Total by Verizon | Samsung Galaxy A03s | Locked | 32GB | 5000mAh Battery | 48MP Main Camera | 6.5-in. HD+Infinity-V Display | Black",NA,NA,NA,NA,"3.8 out of 5 stars","293 ","500+ bought in past month"
"70","Ulefone Note 18 Ultra, 5G Unlocked Smartphone, MTK Dimensity 720 12GB+256GB, 6.78'' FHD+ Corning Gorilla Screen, 50MP+32MP, 5450mAh(18W), Android 13, NFC/IR Blaster/Fingerprint ID/US Warranty, White","$189.99",NA,NA,"FREE delivery Sat, Oct 12 Or fastest delivery Wed, Oct 9","4.2 out of 5 stars","30 ",NA
"71","Mini Phone, 2.5 Inch 3G Mini Smartphone 2GB RAM 16GB ROM Backup Cellphone Lightweight 5MP Student Cellphone Unlocked Quad Core","$39.99",NA,NA,"FREE delivery Sat, Oct 12 Or fastest delivery Thu, Oct 10","2.9 out of 5 stars","31 ","200+ bought in past month"
"72","Nokia G100 | Verizon, T-Mobile, AT&T | Android 12 | Unlocked Smartphone | 3-Day Battery | US Version | 4/128GB | 6.52-Inch Screen | 13MP Triple Camera | Polar Night","$99.99",NA,"2 sizes","FREE delivery Sat, Oct 12 Or fastest delivery Wed, Oct 9","3.3 out of 5 stars","177 ","100+ bought in past month"
"73","Tracfone Samsung Galaxy A14 5G Locked 64GB 5000mAh Battery 50 MP triple-camera system 6.6-in. FHD+ LCD Display Black","$99.88","$119.99",NA,NA,"4.2 out of 5 stars","321 ","400+ bought in past month"
"74","Motorola Simple Mobile Moto g Stylus (2023) Locked 64GB 5000mAh Battery 50MP Quad Pixel Camera 6.5-in. 90Hz Display Blue","$129.00",NA,NA,"FREE delivery Sat, Oct 12 Or fastest delivery Wed, Oct 9","4.1 out of 5 stars","26 ",NA
"75","Motorola Moto G Pure | 2021 | 2-Day battery | Unlocked | Made for US by Motorola | 3/32GB | 13MP Camera | Deep Indigo","$88.36","$99.99",NA,"FREE delivery Oct 9 - 10 Or fastest delivery Wed, Oct 9","4.1 out of 5 stars","2,099 ","300+ bought in past month"
"76","SAMSUNG,Galaxy A04e (SM-A042M/DS) Dual SIM 32GB,6.5'' GSM Unlocked,International Version-Black","$86.00","$105.00",NA,"FREE delivery Sat, Oct 12 Or fastest delivery Wed, Oct 9","3.8 out of 5 stars","727 ","500+ bought in past month"
"77","Alcatel 1 (16GB) 5.0"" Full View Display, Removable Battery, FM Radio, Dual SIM GSM Unlocked US & Global 4G LTE International Version 5033E (Bluish Black)","$40.99","$43.68","2 sizes","FREE delivery Sat, Oct 12 Or fastest delivery Wed, Oct 9","3.6 out of 5 stars","2,064 ","1K+ bought in past month"
"78","Google Pixel 7 Pro - 5G Android Phone - Unlocked Smartphone with Telephoto/Wide Angle Lens, and 24-Hour Battery - 256GB - Obsidian","$459.00","$999.00","3 sizes","FREE delivery Sat, Oct 12 Or fastest delivery Thu, Oct 10","4.2 out of 5 stars","2,793 ","300+ bought in past month"
"79","Motorola Think Phone | 2023 | Unlocked | Made for US 8/256GB | 50MP Camera | Volcanic Gray, 6.6 inches","$514.99",NA,NA,"FREE delivery Sat, Oct 12 Or fastest delivery Wed, Oct 9","4.4 out of 5 stars","623 ","200+ bought in past month"
"80","SAMSUNG A52 5G A526U 128GB Fully Unlocked Android Smartphone (Renewed)","$145.95",NA,NA,NA,"4.2 out of 5 stars","2,269 ","300+ bought in past month"
"81","Samsung Galaxy S22 Ultra Smartphone, Factory Unlocked Android Cell Phone, 512GB, 8K Camera & Video, Brightest Display, S Pen, Long Battery Life, Fast 4nm Processor, US Version, Green (Renewed)","$459.99",NA,"4 sizes",NA,"3.9 out of 5 stars","4,027 ","200+ bought in past month"
"82","Motorola Moto G Stylus 5G | 2021 | 2-Day Battery | Unlocked | Made for US 4/128GB | 48MP Camera | Cosmic Emerald","$299.99",NA,NA,"FREE delivery Sat, Oct 12 Or fastest delivery Wed, Oct 9","4.3 out of 5 stars","3,192 ","50+ bought in past month"
"83","Samsung Galaxy Note 20 5G (128GB, 8GB) 6.7"" AMOLED+, Snapdragon 865, Global 5G VoLTE (Fully Unlocked for AT&T, Verizon, Sprint, Metro) N981U (Mystic Bronze) (Renewed)","$238.00","$598.98",NA,"FREE delivery Sat, Oct 12 Or fastest delivery Fri, Oct 11","4.2 out of 5 stars","958 ","400+ bought in past month"
"84","Motorola Moto G24 Power Dual SIM | 2024 | 8+256GB | GSM Unlocked Smartphone | 6.56"" 90Hz IPS LCD Display | 50MP Camera | Li-Po 6000 mAh Battery | International Model | Case Included - (Glacier Blue)","$125.68","$133.00",NA,"FREE delivery Sat, Oct 12 Or fastest delivery Wed, Oct 9","3.8 out of 5 stars","66 ","100+ bought in past month"
"85","Samsung Galaxy A10e GSM Unlocked (not CDMA) 32GB Smartphone - Black (Renewed)","$70.00","$74.50",NA,NA,"3.8 out of 5 stars","1,200 ","50+ bought in past month"
"86","OnePlus Open, 16GB RAM+512GB, Dual-SIM, Emerald Dusk, US Factory Unlocked Android Smartphone, 4805 mAh Battery, 67W Fast Charging, Hasselblad Camera, 120Hz Fluid Display","$1,299.99","$1,699.99",NA,"FREE delivery Sat, Oct 12 Or fastest delivery Wed, Oct 9","4.1 out of 5 stars","236 ","100+ bought in past month"
"87","OUKITEL WP35 Rugged Smartphone 5G - 24GB+256GB/TF 2TB Android 14 Rugged Phone, 11000mAh Large Battery, 6.6"" FHD+ Corning Screen, Dual Sim Cell Phone, 64MP+32MP Camera, NFC/OTG/BT5.2/T-Mobile, Grey","$279.99","$329.99",NA,"FREE delivery Sat, Oct 12 Or fastest delivery Wed, Oct 9","4.3 out of 5 stars","96 ",NA
"88","Samsung Galaxy Note 20 Ultra 128GB Unlocked Android Smartphone - Mystic Black (Renewed)","$319.95",NA,NA,"FREE delivery Wed, Oct 9 Or fastest delivery Tomorrow, Oct 8","4.0 out of 5 stars","2,543 ","500+ bought in past month"
"89","Reno 11 Pro Unlocked Android Phone 6.7-inch HD LCD Unlocked Cell Phone 8GB+256GB Android 13 Smartphone 6000 mAh Large Battery Unlocked Phone 50MP+13MP Camera Dual SIM (Rock Grey)","$99.99","$119.99",NA,"FREE delivery Sat, Oct 12 Or fastest delivery Wed, Oct 9","2.5 out of 5 stars","8 ","50+ bought in past month"
"90","SAMSUNG Galaxy S22 128 GB Green","$227.83","$249.99","3 sizes","FREE delivery Thu, Oct 10 Or fastest delivery Wed, Oct 9","4.0 out of 5 stars","826 ","500+ bought in past month"
"91","OUKITEL WP28S Rugged Smartphone Unlocked - 16GB 128GB Rugged Phone Android 14, Octa Core 10600mAh Battery IP68 Cell Phone, 6.52"" FHD+,4G Dual Sim,NFC,OTG,T-Mobile,BT5.0,Fingerprint,Black","$165.99",NA,NA,"FREE delivery Sat, Oct 12 Or fastest delivery Fri, Oct 11","4.5 out of 5 stars","70 ","50+ bought in past month"
"92","Samsung Galaxy S20 FE 5G, 128GB, Cloud Mint - Single SIM - Unlocked (Renewed)","$169.99",NA,"2 sizes",NA,"3.9 out of 5 stars","7,371 ","300+ bought in past month"
"93","Total by Verizon Samsung Galaxy A14 5G, 64GB, Black - Prepaid Smartphone (Locked)","$78.49","$99.99",NA,"FREE delivery Thu, Oct 10 Or fastest delivery Wed, Oct 9","4.0 out of 5 stars","173 ","200+ bought in past month"
"94","SAMSUNG Galaxy A03 Core (SM-A032/DS) Dual SIM 32GB/ 2GB RAM, GSM Unlocked International Version - No Warranty - Black","$89.00",NA,NA,"FREE delivery Sat, Oct 12 Or fastest delivery Wed, Oct 9","3.8 out of 5 stars","1,828 ","200+ bought in past month"
"95","Samsung Galaxy A01 16GB BLACK VERIZON (Renewed)","$49.29","$79.95",NA,NA,"3.8 out of 5 stars","360 ","200+ bought in past month"
"96","HMD Skyline 5G | Android 14 | Unlocked Smartphone | Dual SIM | US Version | 8/256GB | 6.55"" 144Hz pOLED Screen | 108MP Triple Camera | 50MP Selfie Camera | Blue","$499.99",NA,NA,"FREE delivery Sat, Oct 12 Or fastest delivery Wed, Oct 9","5.0 out of 5 stars","1 ",NA
"97","Google Pixel 9 Pro XL - Unlocked Android Smartphone with Gemini, Triple Rear Camera System, 24-Hour Battery, and 6.8"" Super Actua Display - Obsidian - 256 GB","$1,199.00",NA,"4 sizes","FREE delivery Sat, Oct 12 Or fastest delivery Wed, Oct 9","4.4 out of 5 stars","77 ","100+ bought in past month"
"98","Cheap Smartphone， 5.0'' Android 9.0, 16GB ROM(Extendable to 128GB,Dual SIM Dual Camera, WiFi,Bluetooth,GPS Basic Mobile Phones (R10-Black)","$51.99",NA,NA,"FREE delivery Sat, Oct 12 Or fastest delivery Wed, Oct 9","2.9 out of 5 stars","88 ",NA
"99","OUKITEL G1 Rugged Smartphone Unlocked - 24+256GB/1TB Android 14 Rugged Cellphones, 6.52” HD Display IP68/IP69K 10600mAh Battery 48MP Rear Camera Waterproof Phone, Fingerprint/Dual Sim/NFC 2024","$195.99",NA,NA,"FREE delivery Sat, Oct 12 Or fastest delivery Wed, Oct 9","4.5 out of 5 stars","113 ","50+ bought in past month"
"100","Cheap Smartphone, 5.0 Inch HD Display, Dual SIM 3G Mobile Phone, 16GB ROM【Expandable up to 128GB】, Android 9.0, GPS/WiFi/Bluetooth/Face Unlocked Phone (Blue)","$52.99",NA,NA,"FREE delivery Sat, Oct 12 Or fastest delivery Thu, Oct 10","5.0 out of 5 stars","7 ",NA
"101","Samsung Electronics Galaxy Note 20 5G Unlocked Android Cell Phone | US Version | 128GB of Storage | Mobile Gaming Smartphone | Long-Lasting Battery | Mystic Gray (Renewed)","$232.00",NA,NA,NA,"4.1 out of 5 stars","2,067 ","500+ bought in past month"
"102","OUKITEL WP35 Rugged Smartphone 5G - 24GB+256GB/TF 2TB Android 14 Rugged Phone, 11000mAh Large Battery, 6.6"" FHD+ Corning Screen, Dual Sim Cell Phone, 64MP+32MP Camera, NFC/OTG/BT5.2/T-Mobile, Grey","$279.99","$329.99",NA,"FREE delivery Sat, Oct 12 Or fastest delivery Wed, Oct 9","4.3 out of 5 stars","96 ",NA
"103","Reno 11 Pro Unlocked Android Phone 6.7-inch HD LCD Unlocked Cell Phone 8GB+256GB Android 13 Smartphone 6000 mAh Large Battery Unlocked Phone 50MP+13MP Camera Dual SIM (Rock Grey)","$99.99","$119.99",NA,"FREE delivery Sat, Oct 12 Or fastest delivery Wed, Oct 9","2.5 out of 5 stars","8 ","50+ bought in past month"
"104","Total by Verizon Samsung Galaxy A14 5G, 64GB, Black - Prepaid Smartphone (Locked)","$78.49","$99.99",NA,"FREE delivery Thu, Oct 10 Or fastest delivery Wed, Oct 9","4.0 out of 5 stars","173 ","200+ bought in past month"
"105","SAMSUNG Galaxy A03 Core (SM-A032/DS) Dual SIM 32GB/ 2GB RAM, GSM Unlocked International Version - No Warranty - Black","$89.00",NA,NA,"FREE delivery Sat, Oct 12 Or fastest delivery Wed, Oct 9","3.8 out of 5 stars","1,828 ","200+ bought in past month"
"106","TracFone Motorola Moto g Power 5G (2023), 128GB, Black - Prepaid Smartphone (Locked)","$99.88","$119.99",NA,"FREE delivery Sat, Oct 12 Or fastest delivery Thu, Oct 10","4.3 out of 5 stars","191 ",NA
"107","Samsung Galaxy A01 16GB BLACK VERIZON (Renewed)","$49.29","$79.95",NA,NA,"3.8 out of 5 stars","360 ","200+ bought in past month"
"108","OnePlus Open, 16GB RAM+512GB, Dual-SIM, Emerald Dusk, US Factory Unlocked Android Smartphone, 4805 mAh Battery, 67W Fast Charging, Hasselblad Camera, 120Hz Fluid Display","$1,299.99","$1,699.99",NA,"FREE delivery Sat, Oct 12 Or fastest delivery Wed, Oct 9","4.1 out of 5 stars","236 ","100+ bought in past month"
"109","Total by Verizon Motorola Moto g Pure Locked 32GB 4000 mAh Battery 13 MP Dual Camera System 6.5"" Max Vision HD+ Display Blue","$46.85","$49.99",NA,NA,"3.9 out of 5 stars","297 ","100+ bought in past month"
"110","Blackview Rugged Smartphone Unlocked, 2023 BV6200 Rugged Phones, 13000mAh Battery 18W Fast Charge, Android 13, 8GB+64GB/2TB Expand, Waterproof Mobile Phones, Three Card Slots, 6.56"" Display, T-Mobile","$169.99","$199.99",NA,NA,"4.1 out of 5 stars","225 ","50+ bought in past month"
"111","Samsung Galaxy A32 (5G) 64GB A326U (T-Mobile/Sprint Unlocked) 6.5"" Display Quad Camera Long Lasting Battery Smartphone - Black (Renewed)","$108.99","$199.98",NA,"FREE delivery Sat, Oct 12 Or fastest delivery Wed, Oct 9","3.9 out of 5 stars","1,039 ","300+ bought in past month"
"112","SAMSUNG Galaxy S23 FE AI Phone, 128GB Unlocked Android Smartphone, Long Battery Life, Premium Processor, Tough Gorilla Glass Display, Hi-Res 50MP Camera, US Version, 2023, Cream",NA,NA,"2 sizes",NA,"4.5 out of 5 stars","1,203 ","100+ bought in past month"
"113","Motorola Moto G Stylus | 2022 | 2-Day battery | Unlocked| Made for US by Motorola | 6/128GB | 50MP Camera | Twilight Blue","$149.99","$299.99",NA,NA,"4.2 out of 5 stars","2,408 ","50+ bought in past month"
"114","SAMSUNG Galaxy A34 5G + 4G LTE (128GB + 6GB) Unlocked Worldwide (Only T-Mobile/Mint/Metro USA Market) 6.6"" 120Hz 48MP Triple Camera + (25W Wall Charger) (Awesome Graphite (SM-A346M))","$249.99","$275.00",NA,"FREE delivery Sat, Oct 12 Or fastest delivery Wed, Oct 9","4.4 out of 5 stars","192 ","50+ bought in past month"
"115","Mini Cute Phone, 2GB 16GB 3in Dual SIM, 3G Mini Smartphone with 3D Glass Slim HD Camera, Best Backup Phone, (2)","$46.02",NA,NA,NA,NA,NA,NA
"116","HMD Skyline 5G | Android 14 | Unlocked Smartphone | Dual SIM | US Version | 8/256GB | 6.55"" 144Hz pOLED Screen | 108MP Triple Camera | 50MP Selfie Camera | Blue","$499.99",NA,NA,"FREE delivery Sat, Oct 12 Or fastest delivery Wed, Oct 9","5.0 out of 5 stars","1 ",NA
"117","Samsung Galaxy A15 A155M 128GB Dual-SIM GSM Unlocked Android Smartphone (Latin America Version) - Yellow","$137.45",NA,NA,"FREE delivery Sat, Oct 12 Or fastest delivery Wed, Oct 9","4.2 out of 5 stars","282 ","500+ bought in past month"
"118","Bold K50 | 5G| 2024 | 3-Day Battery | Unlocked | 6.7” FHD+ 3D AMOLED | 256/8GB | Triple 64MP Camera | US Version | US Warranty | Purple","$199.99",NA,NA,"FREE delivery Sat, Oct 12 Or fastest delivery Wed, Oct 9","4.4 out of 5 stars","25 ","200+ bought in past month"
"119","Samsung Galaxy A11 32GB A115U Fully Unlocked Smartphones (Renewed)","$80.00","$84.00",NA,NA,"4.0 out of 5 stars","1,199 ","100+ bought in past month"
"120","DOOGEE S41T Rugged Phone Unlocked 2024,Android 14 6300mAh Battery,8GB+64GB,4G Dual Sim Rugged Smartphone,13MP Camera,IP68 Waterproof Cell Phone,Face Unlock,NFC/T-Mobile,Orange","$159.99",NA,NA,"FREE delivery Sat, Oct 12 Or fastest delivery Wed, Oct 9","4.2 out of 5 stars","117 ",NA
"121","OnePlus Nord CE 3 Lite 5G Dual-SIM 256GB ROM + 8GB RAM (GSM only | No CDMA) Factory Unlocked 5G Smartphone (Chromatic Gray) - International Version","$235.00","$319.99",NA,"FREE delivery Sat, Oct 12 Or fastest delivery Wed, Oct 9","4.1 out of 5 stars","145 ",NA
"122","REDMAGIC 9S Pro Smartphone 5G, 120Hz Gaming Phone, 6.8"" Full Screen, Under Display Camera, 6500mAh Android Phone, Snapdragon 8 Gen 3, 16+512GB, 80W Charger, Dual-Sim, US Unlocked Cell Phone Silver","$899.00",NA,NA,"FREE delivery Sat, Oct 12 Or fastest delivery Wed, Oct 9","4.3 out of 5 stars","1,005 ","50+ bought in past month"
"123","Cheap Mobile Phones, 5.0 Inch, Android 9.0, Dual SIM Dual Camera 3G Smartphones, Quad Core, 16GB ROM【Expandable up to 128GB】, Support GPS/WiFi/Bluetooth/FM, Face Unlocked Phones (Blue)","$52.99",NA,NA,"FREE delivery Sat, Oct 12 Or fastest delivery Wed, Oct 9","3.2 out of 5 stars","34 ",NA
"124","Samsung Galaxy A55 5G + 4G LTE (256GB + 8GB) (Tmobile Mint Tello & Global) Unlocked GSM SM-A556E/DS 6.6"" 120Hz 50MP Triple + (25W Wall USB Charger) (Awesome Navy 1 Year Latin America Warranty)","$360.00",NA,NA,"FREE delivery Sat, Oct 12 Or fastest delivery Wed, Oct 9","4.4 out of 5 stars","17 ","100+ bought in past month"
"125","Samsung Galaxy A05s A057M 128GB Dual-SIM GSM Unlocked Android Smartphone (Latin America Version) - Light Violet","$117.70",NA,NA,"FREE delivery Sat, Oct 12 Or fastest delivery Wed, Oct 9","4.2 out of 5 stars","67 ","200+ bought in past month"
"126","Simple Mobile | Motorola Moto g Pure | Locked | 32GB | 4000 mAh Battery | 13 MP Dual Camera System | 6.5"" Max Vision HD+ Display | Blue","$49.99",NA,NA,"FREE delivery Sat, Oct 12 Or fastest delivery Wed, Oct 9","4.3 out of 5 stars","251 ","100+ bought in past month"
"127","Moto G Power | 2021 | 3-Day battery | Unlocked | Made for US by Motorola | 4/64GB | 48MP Camera | Gray","$110.00","$118.00","2 sizes",NA,"4.2 out of 5 stars","10,677 ","100+ bought in past month"
"128","SIMBROS Radiant Core Phone At&t Unlocked u304aa 4g 5.5in 16GB Smart Phone simkey -Unlocked to Work on All GSM Carriers Like At&t T-Mobile & Cricket -Not for Verizon","$46.99","$49.99",NA,"FREE delivery Sat, Oct 12 Or fastest delivery Wed, Oct 9","3.0 out of 5 stars","59 ","100+ bought in past month"
"129","C24 Ultra Unlocked Cell Phones 5G Smartphone Android 13 Phones 8+256GB/6.8"" HD Screen/Dual SIM/108MP+48MP Camera/6800 mAh/Built-in Pen (Black)","$189.99",NA,NA,"FREE delivery Sat, Oct 12 Or fastest delivery Wed, Oct 9","5.0 out of 5 stars","5 ",NA
"130","XS15 3G Mini Smartphone, 3 Inch Dual SIM Mobile Phone 2GB ROM 16GB AndroidCell Phones, Unlocked Kids Phone Pocket Child Cellphone Gifts for Kids and Students (Blue)","$25.96",NA,NA,NA,NA,NA,NA
"131","UMIDIGI G9 5G Cell Phone, Android 14 Unlocked Phones, 12(6+6) GB +128GB/1TB TF Expand, 5G Dual SIM, 50MP Camera, 6.75"" HD+ 90Hz Display, AI Face & Fingerprint Unlock, 5000mAh Android Phone (Black)","$148.99",NA,NA,"FREE delivery Sat, Oct 12 Or fastest delivery Wed, Oct 9","4.0 out of 5 stars","134 ","200+ bought in past month"
"132","OUKITEL WP36 2024 Rugged Smartphone - 10600mAh Rugged Phone 128dB Loud Speaker, 16GB+128GB Dual Sim Phones 6.52"" Big Screen, Android 13 Cell Phone, NFC/OTG, T-Mobile Compatible Rugged Smart Phone","$199.99",NA,NA,"FREE delivery Sat, Oct 12 Or fastest delivery Wed, Oct 9","4.4 out of 5 stars","429 ","100+ bought in past month"
"133","Nokia G50 5G | Android 11 | Unlocked Smartphone | US Version | 4/128GB | 6.82-Inch Screen | 48MP Triple Camera | Ocean Blue","$199.00",NA,NA,"FREE delivery Sat, Oct 12 Or fastest delivery Wed, Oct 9","3.8 out of 5 stars","539 ","50+ bought in past month"
"134","Samsung Galaxy A35 5G A356E 128GB Dual-SIM GSM Unlocked Android Smartphone (Latin Variant/US Compatible LTE) - Awesome Ice Blue","$258.00",NA,NA,"FREE delivery Sat, Oct 12 Or fastest delivery Wed, Oct 9","4.2 out of 5 stars","60 ","100+ bought in past month"
"135","Samsung Galaxy A21 GSM Unlocked Android Cell Phone, US Version Smartphone, 32GB Storage, Long-Lasting Battery, 6.5” Infinity Display, Quad Camera, Black (Renewed)","$105.05",NA,"2 sizes","FREE delivery Sat, Oct 12 Or fastest delivery Wed, Oct 9","3.9 out of 5 stars","1,222 ","50+ bought in past month"
"136","SAMSUNG Galaxy A54 5G | 128GB | 6.4” Fluid Display Screen | Hi Res Camera | 5,000 mAH huge Battery| US Version | 2023 Model | Unlocked Android Smartphone | Awesome Black (Renewed)","$217.95","$349.50",NA,NA,"3.9 out of 5 stars","97 ","200+ bought in past month"
"137","Samsung Galaxy S20 FE 5G (128GB, 6GB) 6.5"" AMOLED, Snapdragon 865, IP68 Water Resistant, 5G Volte Fully Unlocked (T-Mobile, Verizon, Sprint, AT&T) G781U (Cloud Navy) (Renewed)","$169.95",NA,NA,NA,"3.9 out of 5 stars","1,565 ","400+ bought in past month"
"138","OUKITEL WP28S Rugged Smartphone - Android 14 Rugged Phone Unlocked, Octa Core 16GB 128GB 1TB Expansion,10600mAh Battery IP68 Waterproof Cell Phone, 6.52"" FHD+,4G Dual Sim,NFC,OTG,GPS,T-Mobile,BT5.0","$165.99",NA,NA,"FREE delivery Sat, Oct 12 Or fastest delivery Thu, Oct 10","4.5 out of 5 stars","70 ","50+ bought in past month"
"139","Google Pixel 5 - 5G Android Phone - Water Resistant - Unlocked Smartphone with Night Sight and Ultrawide Lens - Sorta Sage","$289.00",NA,NA,"FREE delivery Sat, Oct 12 Or fastest delivery Wed, Oct 9","4.4 out of 5 stars","3,432 ","100+ bought in past month"
"140","X2 2024 6.5” HD+ Screen GSM Unlocked Cell Phone 4G Mobile Phones 4000mAh Android 12 Smart Phone 16MP RAM 3GB Smartphone Face ID Dual SIM (Only for T-Mobile USA Market) (Purple)","$68.00",NA,NA,"FREE delivery Sat, Oct 12 Or fastest delivery Wed, Oct 9","2.8 out of 5 stars","32 ",NA
"141","Moto G Stylus 5G | 2024 | Unlocked | Made for US 8/256GB | 50MP Camera | Scarlet Wave","$399.99",NA,NA,"FREE delivery Sat, Oct 12 Or fastest delivery Wed, Oct 9","4.3 out of 5 stars","62 ","200+ bought in past month"
"142","Cat S22 Flip (16GB) 2.8"" Touchscreen, Android 11, IP68 Water Resistant, 4G LTE GSM (T-Mobile Unlocked for MetroPCS, Global) (Black)","$80.00",NA,NA,"FREE delivery Sat, Oct 12 Or fastest delivery Wed, Oct 9","3.9 out of 5 stars","1,543 ","500+ bought in past month"
"143","I24 Ultra 5G Unlocked Smartphone, 6GB+256GB Unlocked Phones, Built-in Pen, 6.8"" HD Screen, 6800mAh Battery, Android 13, 48MP+108MP Dual Camera, Dual SIM, Face ID, Fingerprint Lock (Black)","$179.99",NA,NA,"FREE delivery Sat, Oct 12 Or fastest delivery Wed, Oct 9","3.0 out of 5 stars","2 ",NA
"144","LIVELY Jitterbug Phones Smart3 Smartphone for Seniors - Cell Phone for Seniors - Must Be Activated Phone Plan - Not Compatible with Other Wireless Carriers","$89.00",NA,NA,NA,"3.9 out of 5 stars","1,876 ","50+ bought in past month"
"145","KXD A07 Unlock Cell Phone, Android 12 Unlocked Phone, 4500mAh 10W Fast Smartphones, 13MP+8MP, 6.52Inch HD+, 8GB + 128GB/SD 256GB Mobile Phone, Fingerprint/Face ID, 4G Dual SIM Phone - Black","$88.99",NA,NA,"FREE delivery Sat, Oct 12 Or fastest delivery Wed, Oct 9","3.6 out of 5 stars","12 ",NA
"146","Samsung Galaxy A55 5G A556E 256GB Dual-SIM GSM Unlocked Android Smartphone (Latin Variant/US Compatible LTE) - Awesome Navy","$355.99",NA,"2 sizes",NA,"4.3 out of 5 stars","94 ","100+ bought in past month"
"147","Nokia 2780 Flip | Unlocked | Verizon, AT&T, T-Mobile | Red",NA,NA,NA,NA,"3.7 out of 5 stars","409 ","300+ bought in past month"
"148","iLight Mini Smartphone 11 Pro The World's Smallest 11 Pro Android Mobile Phone, Super Small Micro 2.5"" Touch Screen Global Unlocked Great for Kids 2GB RAM / 16GB ROM Tiny iPhone XI Pro Look Alike","$55.72","$59.72",NA,"FREE delivery Sat, Oct 12 Or fastest delivery Wed, Oct 9","3.0 out of 5 stars","388 ","50+ bought in past month"
"149","Nokia G10 | Android 11 | Unlocked Smartphone | 3-Day Battery | Dual SIM | US Version | 3/32GB | 6.52-Inch Screen | 13MP Triple Camera | Polar Night","$87.50","$98.00",NA,"FREE delivery Sat, Oct 12 Or fastest delivery Wed, Oct 9","3.8 out of 5 stars","863 ","50+ bought in past month"
"150","Nothing Phone (2a) Smartphone Unlocked 5G Android Phone Dimensity 7200 Pro, 50MP Dual Camera, 6.7'' AMOLED Display, 5000mAh Battery, NFC (Milk, 12+256GB)","$397.50",NA,"2 sizes","FREE delivery Sat, Oct 12 Or fastest delivery Wed, Oct 9","4.4 out of 5 stars","808 ","50+ bought in past month"
"151","BLU G44 | 2024 | All-Day Battery | Unlocked | 6.8” HD+ Infinity Display | 64GB | Triple 13MP Camera | US Warranty","$69.99",NA,NA,"FREE delivery Sat, Oct 12 Or fastest delivery Wed, Oct 9",NA,NA,"50+ bought in past month"
"152","Mini Smartphone 4G Unlocked 3.0 Inch Quad Core Dual Sim Card Face ID 2600mAh Android Kids Small Mobile Phone Students Pocket Premium Child Cellphone(Black,3GB+32GB)","$69.99",NA,NA,"FREE delivery Sat, Oct 12 Or fastest delivery Wed, Oct 9","3.9 out of 5 stars","114 ","50+ bought in past month"
"153","Nokia C2 2E | Android 11 (Go Edition) | Unlocked Smartphone | All Day Battery | Dual SIM | 2/32GB | 5.7-Inch Screen | International Version | Blue","$59.99",NA,NA,"FREE delivery Sat, Oct 12 Or fastest delivery Wed, Oct 9","3.2 out of 5 stars","20 ","100+ bought in past month"
"154","Xiaomi Poco X6 PRO 5G + 4G LTE Global Unlocked (512GB + 12GB) GSM 6.67"" 64MP Triple Camera (Tmobile Mint Tello Global) + (Car Fast Car Dual Charger Bundle) (Gray)","$321.99",NA,NA,"FREE delivery Sat, Oct 12 Or fastest delivery Wed, Oct 9","4.5 out of 5 stars","391 ","50+ bought in past month"
"155","Unlocked Cell Phones C24 Ultra 5G Smartphone Android 13 Phones 8+256GB/6.8"" HD Screen/Dual SIM/108MP+48MP Camera/6800 mAh/Built-in Pen(Grey)","$199.99",NA,NA,"FREE delivery Sat, Oct 12 Or fastest delivery Wed, Oct 9","5.0 out of 5 stars","5 ",NA
"156","HMD Skyline 5G | Android 14 | Unlocked Smartphone | Dual SIM | US Version | 8/256GB | 6.55"" 144Hz pOLED Screen | 108MP Triple Camera | 50MP Selfie Camera | Black","$499.99",NA,NA,"FREE delivery Sat, Oct 12 Or fastest delivery Wed, Oct 9",NA,NA,NA
"157","Blackview Wave 6C Unlocked Android Phones, Android 13 Smartphones, 6.52"" HD+, 5100mAh 10W Fast, Octa-Core 4GB+32GB/SD 1TB Smart Phone, 8MP+5MP, 3 Card Slots, Face ID Unlock Phone, 4G Dual SIM Phone","$94.99","$109.99",NA,"FREE delivery Sat, Oct 12 Or fastest delivery Wed, Oct 9","4.1 out of 5 stars","35 ",NA
"158","X2 2024 6.5” HD+ Screen GSM Unlocked Cell Phone 4G Mobile Phones 4000mAh Android 12 Smart Phone 16MP RAM 3GB Smartphone Face ID Dual SIM (Only for T-Mobile USA Market) (Purple)","$68.00",NA,NA,"FREE delivery Sat, Oct 12 Or fastest delivery Wed, Oct 9","2.8 out of 5 stars","32 ",NA
"159","8849 Tank 3 Pro Rugged Smartphone, 23800mAh 5G Outdoor Rugged Projector Phone, 36GB RAM+512GB ROM, 6.79"" Waterproof Unlocked Android 13 Mobile Phone, 2TB Expand/OTG/NFC(Support T-Mobile&Verizon Only)","$769.99",NA,"2 sizes","FREE delivery Sat, Oct 12 Or fastest delivery Wed, Oct 9","3.8 out of 5 stars","61 ","50+ bought in past month"
"160","Mini Phone 4G Unlocked Small Smartphone with 4.3"" HD Full Screen, 2750mAh Battery, 13MP HD Camera, Dual SIM, Pocket Cellphone, Best Gift for Kids, Mini Phone for Kids- Black","$75.99","$79.99",NA,"FREE delivery Sat, Oct 12 Or fastest delivery Wed, Oct 9","3.6 out of 5 stars","8 ",NA
